-- phpMyAdmin SQL Dump
-- version 5.2.0
-- https://www.phpmyadmin.net/
--
-- Host: localhost
-- Generation Time: Jul 27, 2023 at 04:24 PM
-- Server version: 10.4.21-MariaDB
-- PHP Version: 7.4.29

SET SQL_MODE = "NO_AUTO_VALUE_ON_ZERO";
START TRANSACTION;
SET time_zone = "+00:00";


/*!40101 SET @OLD_CHARACTER_SET_CLIENT=@@CHARACTER_SET_CLIENT */;
/*!40101 SET @OLD_CHARACTER_SET_RESULTS=@@CHARACTER_SET_RESULTS */;
/*!40101 SET @OLD_COLLATION_CONNECTION=@@COLLATION_CONNECTION */;
/*!40101 SET NAMES utf8mb4 */;

--
-- Database: `db_bansos`
--

-- --------------------------------------------------------

--
-- Table structure for table `tb_bansos`
--

CREATE TABLE `tb_bansos` (
  `id` int(11) NOT NULL,
  `id_master_bansos` int(11) DEFAULT NULL,
  `nama` varchar(225) DEFAULT NULL,
  `norek` varchar(30) DEFAULT NULL,
  `nik` varchar(20) DEFAULT NULL,
  `tahun` year(4) DEFAULT NULL,
  `jenis_bansos` enum('PKH','BPNT') DEFAULT NULL,
  `kabupaten` varchar(100) DEFAULT NULL,
  `kecamatan` varchar(100) DEFAULT NULL,
  `kelurahan` varchar(100) DEFAULT NULL,
  `status` int(2) DEFAULT 0 COMMENT '0 = Belum Tersalur,\r\n1 = Tersalur,\r\n2 = Tidak Tersalur',
  `created_at` datetime NOT NULL DEFAULT current_timestamp(),
  `created_by` int(11) DEFAULT NULL,
  `updated_at` datetime DEFAULT NULL,
  `updated_by` int(11) DEFAULT NULL,
  `is_deleted` tinyint(1) NOT NULL DEFAULT 0
) ENGINE=InnoDB DEFAULT CHARSET=utf8mb4;

--
-- Dumping data for table `tb_bansos`
--

INSERT INTO `tb_bansos` (`id`, `id_master_bansos`, `nama`, `norek`, `nik`, `tahun`, `jenis_bansos`, `kabupaten`, `kecamatan`, `kelurahan`, `status`, `created_at`, `created_by`, `updated_at`, `updated_by`, `is_deleted`) VALUES
(3273, 1, 'SAROHA', '634003002', '3514062612760001', 2019, 'PKH', 'KAB. PASURUAN', 'KEJAYAN', 'COBAN JOYO', 1, '2023-07-03 16:27:55', 1, '2023-07-04 09:10:34', 1, 0),
(3274, 1, 'SITI SHOLICHA', '634002837', '3514064808800003', 2019, 'PKH', 'KAB. PASURUAN', 'KEJAYAN', 'COBAN JOYO', 1, '2023-07-03 16:27:55', 1, '2023-07-04 09:10:34', 1, 0),
(3275, 1, 'SAMARI', '633998010', '3514063006400004', 2019, 'PKH', 'KAB. PASURUAN', 'KEJAYAN', 'KEDEMUNGAN', 1, '2023-07-03 16:27:55', 1, '2023-07-04 09:10:34', 1, 0),
(3276, 1, 'ADIT RAMADANISs', '637692849', '3514060101066916', 2019, 'PKH', 'KAB. PASURUAN', 'KEJAYAN', 'KEDUNG PENGARON', NULL, '2023-07-03 16:27:55', 1, '2023-07-17 09:08:16', 1, 0),
(3277, 2, 'Rohani', '412421421', '17317100333242144', 2022, 'PKH', 'Test Kab', 'Test Kec', 'Test Kel', 0, '2023-07-26 21:24:18', 1, NULL, NULL, 0),
(3278, 1, 'Yogi Bagus', '5243', '4187348123123123', 2003, 'BPNT', 'rwe', 'rew', 'rwe', 0, '2023-07-27 03:10:43', 1, NULL, NULL, 0),
(3279, 6, 'NUR JANNAH', '660893490', '3514140507660002', 2018, 'BPNT', 'KAB. PASURUAN', 'BANGIL', 'DERMO', 0, '2023-07-27 21:12:04', 2, NULL, NULL, 0),
(3280, 6, 'SAMINTEN', '660890262', '3514142404470001', 2018, 'BPNT', 'KAB. PASURUAN', 'BANGIL', 'DERMO', 0, '2023-07-27 21:12:04', 2, NULL, NULL, 0),
(3281, 6, 'KHULIKAH', '669342900', '35141500152000063', 2018, 'BPNT', 'KAB. PASURUAN', 'BANGIL', 'TAMBAKAN', 0, '2023-07-27 21:12:04', 2, NULL, NULL, 0),
(3282, 6, 'YAMI', '660924667', '3514140806320001', 2018, 'BPNT', 'KAB. PASURUAN', 'BANGIL', 'TAMBAKAN', 0, '2023-07-27 21:12:04', 2, NULL, NULL, 0),
(3283, 6, 'SUMIATIN', '660910778', '3514140711350001', 2018, 'BPNT', 'KAB. PASURUAN', 'BANGIL', 'MANARUWI', 0, '2023-07-27 21:12:04', 2, NULL, NULL, 0),
(3284, 6, 'M SOLIKIN', '660883040', '3514142105570006', 2018, 'BPNT', 'KAB. PASURUAN', 'BANGIL', 'KERSIKAN', 0, '2023-07-27 21:12:04', 2, NULL, NULL, 0),
(3285, 6, 'DJUMIATI', '660889213', '3514142507580001', 2018, 'BPNT', 'KAB. PASURUAN', 'BANGIL', 'GEMPENG', 0, '2023-07-27 21:12:04', 2, NULL, NULL, 0),
(3286, 6, 'KARIYATI', '669333382', '35141500072000052', 2018, 'BPNT', 'KAB. PASURUAN', 'BANGIL', 'GEMPENG', 0, '2023-07-27 21:12:04', 2, NULL, NULL, 0),
(3287, 6, 'SAWANI', '660904254', '3514141810590004', 2018, 'BPNT', 'KAB. PASURUAN', 'BANGIL', 'RACI', 0, '2023-07-27 21:12:04', 2, NULL, NULL, 0),
(3288, 6, 'ARMINI', '660869183', '3514140603600004', 2018, 'BPNT', 'KAB. PASURUAN', 'BANGIL', 'POGAR', 0, '2023-07-27 21:12:04', 2, NULL, NULL, 0),
(3289, 6, 'ASIYA', '669327528', '35141500032000096', 2018, 'BPNT', 'KAB. PASURUAN', 'BANGIL', 'POGAR', 0, '2023-07-27 21:12:04', 2, NULL, NULL, 0),
(3290, 6, 'B YATEMI', '669328362', '35141500032000062', 2018, 'BPNT', 'KAB. PASURUAN', 'BANGIL', 'POGAR', 0, '2023-07-27 21:12:04', 2, NULL, NULL, 0),
(3291, 6, 'MISRIYAH', '660871181', '3514142106770001', 2018, 'BPNT', 'KAB. PASURUAN', 'BANGIL', 'POGAR', 0, '2023-07-27 21:12:04', 2, NULL, NULL, 0),
(3292, 6, 'PARMI', '660869706', '3514142105610004', 2018, 'BPNT', 'KAB. PASURUAN', 'BANGIL', 'POGAR', 0, '2023-07-27 21:12:04', 2, NULL, NULL, 0),
(3293, 6, 'RAHMAH', '660869092', '3514140212650003', 2018, 'BPNT', 'KAB. PASURUAN', 'BANGIL', 'POGAR', 0, '2023-07-27 21:12:04', 2, NULL, NULL, 0),
(3294, 6, 'RUKAH', '669326749', '35141500032000039', 2018, 'BPNT', 'KAB. PASURUAN', 'BANGIL', 'POGAR', 0, '2023-07-27 21:12:04', 2, NULL, NULL, 0),
(3295, 6, 'RUSNIA', '660875299', '3514142611640002', 2018, 'BPNT', 'KAB. PASURUAN', 'BANGIL', 'POGAR', 0, '2023-07-27 21:12:04', 2, NULL, NULL, 0),
(3296, 6, 'SUGENG HARIYANTO', '660870143', '3514141111680003', 2018, 'BPNT', 'KAB. PASURUAN', 'BANGIL', 'POGAR', 0, '2023-07-27 21:12:04', 2, NULL, NULL, 0),
(3297, 6, 'SUSIATIN', '660875095', '3514140304760007', 2018, 'BPNT', 'KAB. PASURUAN', 'BANGIL', 'POGAR', 0, '2023-07-27 21:12:04', 2, NULL, NULL, 0),
(3298, 6, 'WAGINI', '669328204', '35141500032000082', 2018, 'BPNT', 'KAB. PASURUAN', 'BANGIL', 'POGAR', 0, '2023-07-27 21:12:04', 2, NULL, NULL, 0),
(3299, 6, 'ZAKIYAH', '660871782', '3514140702780003', 2018, 'BPNT', 'KAB. PASURUAN', 'BANGIL', 'POGAR', 0, '2023-07-27 21:12:04', 2, NULL, NULL, 0),
(3300, 6, 'GHOFAR', '660863556', '3514141208620005', 2018, 'BPNT', 'KAB. PASURUAN', 'BANGIL', 'KIDUL DALEM', 0, '2023-07-27 21:12:04', 2, NULL, NULL, 0),
(3301, 6, 'HOSNAWIYAH', '660864913', '3514140204810007', 2018, 'BPNT', 'KAB. PASURUAN', 'BANGIL', 'KIDUL DALEM', 0, '2023-07-27 21:12:04', 2, NULL, NULL, 0),
(3302, 6, 'NORYATI', '660864447', '3514143112300007', 2018, 'BPNT', 'KAB. PASURUAN', 'BANGIL', 'KIDUL DALEM', 0, '2023-07-27 21:12:04', 2, NULL, NULL, 0),
(3303, 6, 'ROHIMAH', '660863170', '3514140309650001', 2018, 'BPNT', 'KAB. PASURUAN', 'BANGIL', 'KIDUL DALEM', 0, '2023-07-27 21:12:04', 2, NULL, NULL, 0),
(3304, 6, 'SARMIATI', '660867776', '3514141209430001', 2018, 'BPNT', 'KAB. PASURUAN', 'BANGIL', 'KIDUL DALEM', 0, '2023-07-27 21:12:04', 2, NULL, NULL, 0),
(3305, 6, 'SATIMAH', '660864811', '3514141205500004', 2018, 'BPNT', 'KAB. PASURUAN', 'BANGIL', 'KIDUL DALEM', 0, '2023-07-27 21:12:04', 2, NULL, NULL, 0),
(3306, 6, 'SUGINI', '660866705', '1215200609310001', 2018, 'BPNT', 'KAB. PASURUAN', 'BANGIL', 'KIDUL DALEM', 0, '2023-07-27 21:12:04', 2, NULL, NULL, 0),
(3307, 6, 'SULISTYOWATI', '660866896', '3514142102590002', 2018, 'BPNT', 'KAB. PASURUAN', 'BANGIL', 'KIDUL DALEM', 0, '2023-07-27 21:12:04', 2, NULL, NULL, 0),
(3308, 6, 'SUMAIYAH', '669326057', '35141500022000044', 2018, 'BPNT', 'KAB. PASURUAN', 'BANGIL', 'KIDUL DALEM', 0, '2023-07-27 21:12:04', 2, NULL, NULL, 0),
(3309, 6, 'SULIKHAH', '669338290', '35141500122000076', 2018, 'BPNT', 'KAB. PASURUAN', 'BANGIL', 'KALIANYAR', 0, '2023-07-27 21:12:04', 2, NULL, NULL, 0),
(3310, 6, 'GIMA', '669336463', '35141500102000076', 2018, 'BPNT', 'KAB. PASURUAN', 'BANGIL', 'MASANGAN', 0, '2023-07-27 21:12:04', 2, NULL, NULL, 0),
(3311, 6, 'KHOTIJAH', '660899083', '3514140502660002', 2018, 'BPNT', 'KAB. PASURUAN', 'BANGIL', 'MASANGAN', 0, '2023-07-27 21:12:04', 2, NULL, NULL, 0),
(3312, 6, 'MUJAMIK', '660898546', '3514141112460001', 2018, 'BPNT', 'KAB. PASURUAN', 'BANGIL', 'MASANGAN', 0, '2023-07-27 21:12:04', 2, NULL, NULL, 0),
(3313, 6, 'MINTEN', '660924135', '3514141102450001', 2018, 'BPNT', 'KAB. PASURUAN', 'BANGIL', 'KALIREJO', 0, '2023-07-27 21:12:04', 2, NULL, NULL, 0),
(3314, 6, 'NUR SYAIFI CANDRA', '660921441', '3514140509600002', 2018, 'BPNT', 'KAB. PASURUAN', 'BANGIL', 'KALIREJO', 0, '2023-07-27 21:12:04', 2, NULL, NULL, 0),
(3315, 6, 'PATHANAH', '669334976', '35141500092000005', 2018, 'BPNT', 'KAB. PASURUAN', 'BANGIL', 'LATEK', 0, '2023-07-27 21:12:04', 2, NULL, NULL, 0),
(3316, 6, 'SUKARNI', '660896344', '3514140402300001', 2018, 'BPNT', 'KAB. PASURUAN', 'BANGIL', 'LATEK', 0, '2023-07-27 21:12:04', 2, NULL, NULL, 0),
(3317, 6, 'ANISAH', '660881098', '3514142306420001', 2018, 'BPNT', 'KAB. PASURUAN', 'BANGIL', 'BENDO MUNGAL', 0, '2023-07-27 21:12:04', 2, NULL, NULL, 0),
(3318, 6, 'ASITAH', '669329604', '35141500052000073', 2018, 'BPNT', 'KAB. PASURUAN', 'BANGIL', 'BENDO MUNGAL', 0, '2023-07-27 21:12:04', 2, NULL, NULL, 0),
(3319, 6, 'ASTUTIK', '669329490', '35141500052000077', 2018, 'BPNT', 'KAB. PASURUAN', 'BANGIL', 'BENDO MUNGAL', 0, '2023-07-27 21:12:04', 2, NULL, NULL, 0),
(3320, 6, 'LICHA', '660877343', '3514145005320002', 2018, 'BPNT', 'KAB. PASURUAN', 'BANGIL', 'KAUMAN', 0, '2023-07-27 21:12:04', 2, NULL, NULL, 0),
(3321, 6, 'NUR RAHMAH', '672022156', '35141500042000031', 2018, 'BPNT', 'KAB. PASURUAN', 'BANGIL', 'KAUMAN', 0, '2023-07-27 21:12:04', 2, NULL, NULL, 0),
(3322, 6, 'RUMI', '660876203', '3514141507350003', 2018, 'BPNT', 'KAB. PASURUAN', 'BANGIL', 'KAUMAN', 0, '2023-07-27 21:12:04', 2, NULL, NULL, 0),
(3323, 6, 'SITI AMINAH', '660878904', '3514141909630001', 2018, 'BPNT', 'KAB. PASURUAN', 'BANGIL', 'KAUMAN', 0, '2023-07-27 21:12:04', 2, NULL, NULL, 0),
(3324, 6, 'SULASTRI', '660877717', '3514140112720003', 2018, 'BPNT', 'KAB. PASURUAN', 'BANGIL', 'KAUMAN', 0, '2023-07-27 21:12:04', 2, NULL, NULL, 0),
(3325, 6, 'URIATUN', '669329036', '35141500042000025', 2018, 'BPNT', 'KAB. PASURUAN', 'BANGIL', 'KAUMAN', 0, '2023-07-27 21:12:04', 2, NULL, NULL, 0),
(3326, 6, 'ANIFAHILA FIRDAUSI', '669324049', '35141500012000122', 2018, 'BPNT', 'KAB. PASURUAN', 'BANGIL', 'KOLURSARI', 0, '2023-07-27 21:12:04', 2, NULL, NULL, 0),
(3327, 6, 'FAUZIAH', '660860088', '3514141207700003', 2018, 'BPNT', 'KAB. PASURUAN', 'BANGIL', 'KOLURSARI', 0, '2023-07-27 21:12:04', 2, NULL, NULL, 0),
(3328, 6, 'ARNINGSIH', '939804971', '3575036311540002', 2020, 'BPNT', 'KOTA PASURUAN', 'BUGULKIDUL', 'BAKALAN', 0, '2023-07-27 21:12:04', 2, NULL, NULL, 0),
(3329, 6, 'ATIMAH', '939684937', '3575034107660089', 2020, 'BPNT', 'KOTA PASURUAN', 'BUGULKIDUL', 'BAKALAN', 0, '2023-07-27 21:12:04', 2, NULL, NULL, 0),
(3330, 6, 'BASORI', '939636165', '3575031205700001', 2020, 'BPNT', 'KOTA PASURUAN', 'BUGULKIDUL', 'BAKALAN', 0, '2023-07-27 21:12:04', 2, NULL, NULL, 0),
(3331, 6, 'DIMAS MAULANA', '939639473', '3575031505000006', 2020, 'BPNT', 'KOTA PASURUAN', 'BUGULKIDUL', 'BAKALAN', 0, '2023-07-27 21:12:04', 2, NULL, NULL, 0),
(3332, 6, 'DJUWARIYAH', '939687304', '3575034107680058', 2020, 'BPNT', 'KOTA PASURUAN', 'BUGULKIDUL', 'BAKALAN', 0, '2023-07-27 21:12:04', 2, NULL, NULL, 0),
(3333, 6, 'JANUARI TRIONO', '939629034', '3575030301800006', 2020, 'BPNT', 'KOTA PASURUAN', 'BUGULKIDUL', 'BAKALAN', 0, '2023-07-27 21:12:04', 2, NULL, NULL, 0),
(3334, 6, 'KASIATIN', '939716052', '3575034506330001', 2020, 'BPNT', 'KOTA PASURUAN', 'BUGULKIDUL', 'BAKALAN', 0, '2023-07-27 21:12:04', 2, NULL, NULL, 0),
(3335, 6, 'LUKMAN HAKIM', '939648740', '3575032811680001', 2020, 'BPNT', 'KOTA PASURUAN', 'BUGULKIDUL', 'BAKALAN', 0, '2023-07-27 21:12:04', 2, NULL, NULL, 0),
(3336, 6, 'MARDEYAH', '939680433', '3575034107610078', 2020, 'BPNT', 'KOTA PASURUAN', 'BUGULKIDUL', 'BAKALAN', 0, '2023-07-27 21:12:04', 2, NULL, NULL, 0),
(3337, 6, 'MARJANAH', '939666145', '3575034107370050', 2020, 'BPNT', 'KOTA PASURUAN', 'BUGULKIDUL', 'BAKALAN', 0, '2023-07-27 21:12:04', 2, NULL, NULL, 0),
(3338, 6, 'MELASI', '939986289', '3514214506450001', 2020, 'BPNT', 'KOTA PASURUAN', 'BUGULKIDUL', 'BAKALAN', 0, '2023-07-27 21:12:04', 2, NULL, NULL, 0),
(3339, 6, 'MINI', '939752171', '3575035206320001', 2020, 'BPNT', 'KOTA PASURUAN', 'BUGULKIDUL', 'BAKALAN', 0, '2023-07-27 21:12:04', 2, NULL, NULL, 0),
(3340, 6, 'MUHAMMAD SAFII', '939623350', '3575030107430027', 2020, 'BPNT', 'KOTA PASURUAN', 'BUGULKIDUL', 'BAKALAN', 0, '2023-07-27 21:12:04', 2, NULL, NULL, 0),
(3341, 6, 'MUNASIPAH', '939703643', '3575034301310002', 2020, 'BPNT', 'KOTA PASURUAN', 'BUGULKIDUL', 'BAKALAN', 0, '2023-07-27 21:12:04', 2, NULL, NULL, 0),
(3342, 6, 'NUR AINI', '940479151', '3575014906950004', 2020, 'BPNT', 'KOTA PASURUAN', 'BUGULKIDUL', 'BAKALAN', 0, '2023-07-27 21:12:04', 2, NULL, NULL, 0),
(3343, 6, 'NUR SASONGKO', '939643059', '3575032004710002', 2020, 'BPNT', 'KOTA PASURUAN', 'BUGULKIDUL', 'BAKALAN', 0, '2023-07-27 21:12:04', 2, NULL, NULL, 0),
(3344, 6, 'PONITRI', '940319801', '3514225404860002', 2020, 'BPNT', 'KOTA PASURUAN', 'BUGULKIDUL', 'BAKALAN', 0, '2023-07-27 21:12:04', 2, NULL, NULL, 0),
(3345, 6, 'RIF ATUL WAHYUNI', '939695881', '3575034107930026', 2020, 'BPNT', 'KOTA PASURUAN', 'BUGULKIDUL', 'BAKALAN', 0, '2023-07-27 21:12:04', 2, NULL, NULL, 0),
(3346, 6, 'RIFDA WARDANIK', '939381240', '3575017005000006', 2020, 'BPNT', 'KOTA PASURUAN', 'BUGULKIDUL', 'BAKALAN', 0, '2023-07-27 21:12:04', 2, NULL, NULL, 0),
(3347, 6, 'RINI NURWATI', '939699375', '3575034202860001', 2020, 'BPNT', 'KOTA PASURUAN', 'BUGULKIDUL', 'BAKALAN', 0, '2023-07-27 21:12:04', 2, NULL, NULL, 0),
(3348, 6, 'RUKIYATI', '939701454', '3575034207540001', 2020, 'BPNT', 'KOTA PASURUAN', 'BUGULKIDUL', 'BAKALAN', 0, '2023-07-27 21:12:04', 2, NULL, NULL, 0),
(3349, 6, 'RUSIKA', '939650566', '3575034101470004', 2020, 'BPNT', 'KOTA PASURUAN', 'BUGULKIDUL', 'BAKALAN', 0, '2023-07-27 21:12:04', 2, NULL, NULL, 0),
(3350, 6, 'SAHUDI', '939583905', '3514061706880002', 2020, 'BPNT', 'KOTA PASURUAN', 'BUGULKIDUL', 'BAKALAN', 0, '2023-07-27 21:12:04', 2, NULL, NULL, 0),
(3351, 6, 'SAIFUDIN WASIK', '939643956', '3575032202880001', 2020, 'BPNT', 'KOTA PASURUAN', 'BUGULKIDUL', 'BAKALAN', 0, '2023-07-27 21:12:04', 2, NULL, NULL, 0),
(3352, 6, 'SALAMAH', '939669248', '3575034107470035', 2020, 'BPNT', 'KOTA PASURUAN', 'BUGULKIDUL', 'BAKALAN', 0, '2023-07-27 21:12:04', 2, NULL, NULL, 0),
(3353, 6, 'SATIMEN', '939631463', '3575030505350001', 2020, 'BPNT', 'KOTA PASURUAN', 'BUGULKIDUL', 'BAKALAN', 0, '2023-07-27 21:12:04', 2, NULL, NULL, 0),
(3354, 6, 'SITI AMINAH', '939799721', '3575036207840001', 2020, 'BPNT', 'KOTA PASURUAN', 'BUGULKIDUL', 'BAKALAN', 0, '2023-07-27 21:12:04', 2, NULL, NULL, 0),
(3355, 6, 'SULASMANI', '939781588', '3575035809680002', 2020, 'BPNT', 'KOTA PASURUAN', 'BUGULKIDUL', 'BAKALAN', 0, '2023-07-27 21:12:04', 2, NULL, NULL, 0),
(3356, 6, 'SULASTRI', '939659581', '3575034102530001', 2020, 'BPNT', 'KOTA PASURUAN', 'BUGULKIDUL', 'BAKALAN', 0, '2023-07-27 21:12:04', 2, NULL, NULL, 0),
(3357, 6, 'SUMIASIH', '939685589', '3575034107670036', 2020, 'BPNT', 'KOTA PASURUAN', 'BUGULKIDUL', 'BAKALAN', 0, '2023-07-27 21:12:04', 2, NULL, NULL, 0),
(3358, 6, 'SUTRIANI', '939787137', '3575035909830001', 2020, 'BPNT', 'KOTA PASURUAN', 'BUGULKIDUL', 'BAKALAN', 0, '2023-07-27 21:12:04', 2, NULL, NULL, 0),
(3359, 6, 'WASRIAH', '939760942', '3575035403720002', 2020, 'BPNT', 'KOTA PASURUAN', 'BUGULKIDUL', 'BAKALAN', 0, '2023-07-27 21:12:04', 2, NULL, NULL, 0),
(3360, 6, 'ARSIANI', '939650055', '3575034101430002', 2020, 'BPNT', 'KOTA PASURUAN', 'BUGULKIDUL', 'BLANDONGAN', 0, '2023-07-27 21:12:04', 2, NULL, NULL, 0),
(3361, 6, 'BASOR', '939635876', '3575031202570001', 2020, 'BPNT', 'KOTA PASURUAN', 'BUGULKIDUL', 'BLANDONGAN', 0, '2023-07-27 21:12:04', 2, NULL, NULL, 0),
(3362, 6, 'KARTINI', '939755376', '3575035209740002', 2020, 'BPNT', 'KOTA PASURUAN', 'BUGULKIDUL', 'BLANDONGAN', 0, '2023-07-27 21:12:04', 2, NULL, NULL, 0),
(3363, 6, 'KHOTIJAH', '939674350', '3575034107540002', 2020, 'BPNT', 'KOTA PASURUAN', 'BUGULKIDUL', 'BLANDONGAN', 0, '2023-07-27 21:12:04', 2, NULL, NULL, 0),
(3364, 6, 'MUDAWAMAH', '939672998', '3575034107530023', 2020, 'BPNT', 'KOTA PASURUAN', 'BUGULKIDUL', 'BLANDONGAN', 0, '2023-07-27 21:12:04', 2, NULL, NULL, 0),
(3365, 6, 'NUR FAIZAH', '939721357', '3575034607810003', 2020, 'BPNT', 'KOTA PASURUAN', 'BUGULKIDUL', 'BLANDONGAN', 0, '2023-07-27 21:12:04', 2, NULL, NULL, 0),
(3366, 6, 'PATAI', '939623269', '3575030107430012', 2020, 'BPNT', 'KOTA PASURUAN', 'BUGULKIDUL', 'BLANDONGAN', 0, '2023-07-27 21:12:04', 2, NULL, NULL, 0),
(3367, 6, 'RUPIAH', '939667489', '3575034107430068', 2020, 'BPNT', 'KOTA PASURUAN', 'BUGULKIDUL', 'BLANDONGAN', 0, '2023-07-27 21:12:04', 2, NULL, NULL, 0),
(3368, 6, 'SITI MAULUDIN NIAM', '939940211', '3514194202920001', 2020, 'BPNT', 'KOTA PASURUAN', 'BUGULKIDUL', 'BLANDONGAN', 0, '2023-07-27 21:12:04', 2, NULL, NULL, 0),
(3369, 6, 'SOFYAN LUTFI', '939631270', '3575030503990003', 2020, 'BPNT', 'KOTA PASURUAN', 'BUGULKIDUL', 'BLANDONGAN', 0, '2023-07-27 21:12:04', 2, NULL, NULL, 0),
(3370, 6, 'SUHARTI', '939657641', '3575034101790030', 2020, 'BPNT', 'KOTA PASURUAN', 'BUGULKIDUL', 'BLANDONGAN', 0, '2023-07-27 21:12:04', 2, NULL, NULL, 0),
(3371, 6, 'SULASTRI', '939793286', '3575036012840005', 2020, 'BPNT', 'KOTA PASURUAN', 'BUGULKIDUL', 'BLANDONGAN', 0, '2023-07-27 21:12:04', 2, NULL, NULL, 0),
(3372, 6, 'SUTINI', '939657335', '3575034101770001', 2020, 'BPNT', 'KOTA PASURUAN', 'BUGULKIDUL', 'BLANDONGAN', 0, '2023-07-27 21:12:04', 2, NULL, NULL, 0),
(3373, 6, 'SUTIYA', '939716507', '3575034506570001', 2020, 'BPNT', 'KOTA PASURUAN', 'BUGULKIDUL', 'BLANDONGAN', 0, '2023-07-27 21:12:04', 2, NULL, NULL, 0),
(3374, 6, 'TUBATI', '939661895', '3575034105350002', 2020, 'BPNT', 'KOTA PASURUAN', 'BUGULKIDUL', 'BLANDONGAN', 0, '2023-07-27 21:12:04', 2, NULL, NULL, 0),
(3375, 6, 'ASNAWI', '939623167', '3575030107420007', 2020, 'BPNT', 'KOTA PASURUAN', 'BUGULKIDUL', 'BUGULKIDUL', 0, '2023-07-27 21:12:04', 2, NULL, NULL, 0),
(3376, 6, 'CHABIBATUR ROCHMAH', '939544321', '3575025405860004', 2020, 'BPNT', 'KOTA PASURUAN', 'BUGULKIDUL', 'BUGULKIDUL', 0, '2023-07-27 21:12:04', 2, NULL, NULL, 0),
(3377, 6, 'KHANIFAH', '634119427', '3514144808740001', 2019, 'PKH', 'KAB. PASURUAN', 'BANGIL', 'GEMPENG', 0, '2023-07-27 21:12:04', 2, NULL, NULL, 0),
(3378, 6, 'SUPIYAH', '634121786', '3514144107610001', 2019, 'PKH', 'KAB. PASURUAN', 'BANGIL', 'KALIREJO', 0, '2023-07-27 21:12:04', 2, NULL, NULL, 0),
(3379, 6, 'ZUROIDAH', '634122112', '3514147110800003', 2019, 'PKH', 'KAB. PASURUAN', 'BANGIL', 'KALIREJO', 0, '2023-07-27 21:12:04', 2, NULL, NULL, 0),
(3380, 6, 'ABDUL MANAFIN', '634118128', '3514141207740005', 2019, 'PKH', 'KAB. PASURUAN', 'BANGIL', 'KAUMAN', 0, '2023-07-27 21:12:04', 2, NULL, NULL, 0),
(3381, 6, 'SITI CHUMROTIN', '634118184', '3514145505760003', 2019, 'PKH', 'KAB. PASURUAN', 'BANGIL', 'KAUMAN', 0, '2023-07-27 21:12:04', 2, NULL, NULL, 0),
(3382, 6, 'SRI UTAMI', '634117033', '3514145005770003', 2019, 'PKH', 'KAB. PASURUAN', 'BANGIL', 'KIDUL DALEM', 0, '2023-07-27 21:12:04', 2, NULL, NULL, 0),
(3383, 6, 'AMILIYAH MAKSUM', '634116641', '3514145004710002', 2019, 'PKH', 'KAB. PASURUAN', 'BANGIL', 'KOLURSARI', 0, '2023-07-27 21:12:04', 2, NULL, NULL, 0),
(3384, 6, 'KHUSNUL KHOTIMA', '634116801', '3514145005850011', 2019, 'PKH', 'KAB. PASURUAN', 'BANGIL', 'KOLURSARI', 0, '2023-07-27 21:12:04', 2, NULL, NULL, 0),
(3385, 6, 'ROYANAH', '634121617', '3514145606730003', 2019, 'PKH', 'KAB. PASURUAN', 'BANGIL', 'MANARUWI', 0, '2023-07-27 21:12:04', 2, NULL, NULL, 0),
(3386, 6, 'WATINI', '634121549', '3514144103700001', 2019, 'PKH', 'KAB. PASURUAN', 'BANGIL', 'MANARUWI', 0, '2023-07-27 21:12:04', 2, NULL, NULL, 0),
(3387, 6, 'ILMIYAH', '666821124', '3514140409081599', 2019, 'PKH', 'KAB. PASURUAN', 'BANGIL', 'POGAR', 0, '2023-07-27 21:12:04', 2, NULL, NULL, 0),
(3388, 6, 'ANIK SUGIANTI', '666805522', '3514130903120004', 2019, 'PKH', 'KAB. PASURUAN', 'BEJI', 'BEJI', 0, '2023-07-27 21:12:04', 2, NULL, NULL, 0),
(3389, 6, 'LULUK ARLINA', '634106440', '3514134703860001', 2019, 'PKH', 'KAB. PASURUAN', 'BEJI', 'BEJI', 0, '2023-07-27 21:12:04', 2, NULL, NULL, 0),
(3390, 6, 'SATUNI', '657769933', '3514131809130006', 2019, 'PKH', 'KAB. PASURUAN', 'BEJI', 'BEJI', 0, '2023-07-27 21:12:04', 2, NULL, NULL, 0),
(3391, 6, 'SUCI ARIF YUNANI', '634106439', '3514136007820003', 2019, 'PKH', 'KAB. PASURUAN', 'BEJI', 'BEJI', 0, '2023-07-27 21:12:04', 2, NULL, NULL, 0),
(3392, 6, 'SUNAINI', '666805849', '3514131912130001', 2019, 'PKH', 'KAB. PASURUAN', 'BEJI', 'BEJI', 0, '2023-07-27 21:12:04', 2, NULL, NULL, 0),
(3393, 6, 'ANI ROHMANIA', '634112364', '3514136508810005', 2019, 'PKH', 'KAB. PASURUAN', 'BEJI', 'CANGKRING MALANG', 0, '2023-07-27 21:12:04', 2, NULL, NULL, 0),
(3394, 6, 'ENIK YUNIAWATI', '634111654', '3514135703730001', 2019, 'PKH', 'KAB. PASURUAN', 'BEJI', 'CANGKRING MALANG', 0, '2023-07-27 21:12:04', 2, NULL, NULL, 0),
(3395, 6, 'INAMAH', '634113061', '3514135005740006', 2019, 'PKH', 'KAB. PASURUAN', 'BEJI', 'CANGKRING MALANG', 0, '2023-07-27 21:12:04', 2, NULL, NULL, 0),
(3396, 6, 'MAISAROH', '634112159', '3514135209730004', 2019, 'PKH', 'KAB. PASURUAN', 'BEJI', 'CANGKRING MALANG', 0, '2023-07-27 21:12:04', 2, NULL, NULL, 0),
(3397, 6, 'MESENI', '634113107', '3514137006650039', 2019, 'PKH', 'KAB. PASURUAN', 'BEJI', 'CANGKRING MALANG', 0, '2023-07-27 21:12:04', 2, NULL, NULL, 0),
(3398, 6, 'MINATI', '634113050', '3514136405760003', 2019, 'PKH', 'KAB. PASURUAN', 'BEJI', 'CANGKRING MALANG', 0, '2023-07-27 21:12:04', 2, NULL, NULL, 0),
(3399, 6, 'MONICA ARY PARAMITA', '634112783', '3514134307620001', 2019, 'PKH', 'KAB. PASURUAN', 'BEJI', 'CANGKRING MALANG', 0, '2023-07-27 21:12:04', 2, NULL, NULL, 0),
(3400, 6, 'NURUL AISAH', '634112079', '3514134308770002', 2019, 'PKH', 'KAB. PASURUAN', 'BEJI', 'CANGKRING MALANG', 0, '2023-07-27 21:12:04', 2, NULL, NULL, 0),
(3401, 6, 'RUSIATI', '634112148', '3514134706760001', 2019, 'PKH', 'KAB. PASURUAN', 'BEJI', 'CANGKRING MALANG', 0, '2023-07-27 21:12:04', 2, NULL, NULL, 0),
(3402, 6, 'SOLIKATUL IDA', '634111462', '3514136005760006', 2019, 'PKH', 'KAB. PASURUAN', 'BEJI', 'CANGKRING MALANG', 0, '2023-07-27 21:12:04', 2, NULL, NULL, 0),
(3403, 6, 'SULASTRI', '634112921', '3514135604710002', 2019, 'PKH', 'KAB. PASURUAN', 'BEJI', 'CANGKRING MALANG', 0, '2023-07-27 21:12:04', 2, NULL, NULL, 0),
(3404, 6, 'SUMARNI', '634112217', '3506160902800001', 2019, 'PKH', 'KAB. PASURUAN', 'BEJI', 'CANGKRING MALANG', 0, '2023-07-27 21:12:04', 2, NULL, NULL, 0),
(3405, 6, 'SUMIATI', '637897256', '3514130101070665', 2019, 'PKH', 'KAB. PASURUAN', 'BEJI', 'CANGKRING MALANG', 0, '2023-07-27 21:12:04', 2, NULL, NULL, 0),
(3406, 6, 'SUTAMI', '634112171', '3514136208710003', 2019, 'PKH', 'KAB. PASURUAN', 'BEJI', 'CANGKRING MALANG', 0, '2023-07-27 21:12:04', 2, NULL, NULL, 0),
(3407, 6, 'SULIS SETYOWATI', '634105356', '3514136909730002', 2019, 'PKH', 'KAB. PASURUAN', 'BEJI', 'GAJAHBENDO', 0, '2023-07-27 21:12:04', 2, NULL, NULL, 0),
(3408, 6, 'LAILATUL RIFAH', '634116131', '3514134611770003', 2019, 'PKH', 'KAB. PASURUAN', 'BEJI', 'GLANGGANG', 0, '2023-07-27 21:12:04', 2, NULL, NULL, 0),
(3409, 6, 'LASMANI', '648709395', '3514130101040588', 2019, 'PKH', 'KAB. PASURUAN', 'BEJI', 'GLANGGANG', 0, '2023-07-27 21:12:04', 2, NULL, NULL, 0),
(3410, 6, 'WIDAWATI', '634116095', '3514136000270006', 2019, 'PKH', 'KAB. PASURUAN', 'BEJI', 'GLANGGANG', 0, '2023-07-27 21:12:04', 2, NULL, NULL, 0),
(3411, 6, 'IMBUL PRIBADI', '634109893', '3514132404790006', 2019, 'PKH', 'KAB. PASURUAN', 'BEJI', 'GUNUNG GANGSIR', 0, '2023-07-27 21:12:04', 2, NULL, NULL, 0),
(3412, 6, 'APRILIA DWI ASTUTIK', '666809297', '3514130101031134', 2019, 'PKH', 'KAB. PASURUAN', 'BEJI', 'GUNUNG SARI', 0, '2023-07-27 21:12:04', 2, NULL, NULL, 0),
(3413, 6, 'ENDANG SRI SUHARIYANTI', '634107692', '3514135906640002', 2019, 'PKH', 'KAB. PASURUAN', 'BEJI', 'GUNUNG SARI', 0, '2023-07-27 21:12:04', 2, NULL, NULL, 0),
(3414, 6, 'IIS KHASANAH', '634107603', '3514135509830002', 2019, 'PKH', 'KAB. PASURUAN', 'BEJI', 'GUNUNG SARI', 0, '2023-07-27 21:12:04', 2, NULL, NULL, 0),
(3415, 6, 'LAMIATI', '634107433', '3514135009770002', 2019, 'PKH', 'KAB. PASURUAN', 'BEJI', 'GUNUNG SARI', 0, '2023-07-27 21:12:04', 2, NULL, NULL, 0),
(3416, 6, 'NURHAYATI', '634107273', '3514135608710002', 2019, 'PKH', 'KAB. PASURUAN', 'BEJI', 'GUNUNG SARI', 0, '2023-07-27 21:12:04', 2, NULL, NULL, 0),
(3417, 6, 'NURUL KHABIBAH', '666808170', '3514132309160014', 2019, 'PKH', 'KAB. PASURUAN', 'BEJI', 'GUNUNG SARI', 0, '2023-07-27 21:12:04', 2, NULL, NULL, 0),
(3418, 6, 'ROFIATUL ADAWIYAH', '634107444', '3514136508800002', 2019, 'PKH', 'KAB. PASURUAN', 'BEJI', 'GUNUNG SARI', 0, '2023-07-27 21:12:04', 2, NULL, NULL, 0),
(3419, 6, 'SHOLIKATIN', '634107466', '3514136508770002', 2019, 'PKH', 'KAB. PASURUAN', 'BEJI', 'GUNUNG SARI', 0, '2023-07-27 21:12:04', 2, NULL, NULL, 0),
(3420, 6, 'SOLIKHAN', '634107681', '3514134207750004', 2019, 'PKH', 'KAB. PASURUAN', 'BEJI', 'GUNUNG SARI', 0, '2023-07-27 21:12:04', 2, NULL, NULL, 0),
(3421, 6, 'SUWOTO', '634107910', '3514130402840003', 2019, 'PKH', 'KAB. PASURUAN', 'BEJI', 'GUNUNG SARI', 0, '2023-07-27 21:12:04', 2, NULL, NULL, 0),
(3422, 6, 'WISNAWATI', '634108006', '3514134804900001', 2019, 'PKH', 'KAB. PASURUAN', 'BEJI', 'GUNUNG SARI', 0, '2023-07-27 21:12:04', 2, NULL, NULL, 0),
(3423, 6, 'AFANI', '648709351', '3514130101985536', 2019, 'PKH', 'KAB. PASURUAN', 'BEJI', 'KEDUNG RINGIN', 0, '2023-07-27 21:12:04', 2, NULL, NULL, 0),
(3424, 6, 'KUMAHIYAH', '634114939', '3514130502750001', 2019, 'PKH', 'KAB. PASURUAN', 'BEJI', 'KEDUNG RINGIN', 0, '2023-07-27 21:12:04', 2, NULL, NULL, 0),
(3425, 6, 'LILIS ANDAYANI', '634113606', '3514136802780004', 2019, 'PKH', 'KAB. PASURUAN', 'BEJI', 'KEDUNG RINGIN', 0, '2023-07-27 21:12:04', 2, NULL, NULL, 0),
(3426, 6, 'MUTIKAH', '634114677', '3514135111740002', 2019, 'PKH', 'KAB. PASURUAN', 'BEJI', 'KEDUNG RINGIN', 0, '2023-07-27 21:12:04', 2, NULL, NULL, 0),
(3427, 6, 'SHOLIKAH', '634113764', '3514136012890001', 2019, 'PKH', 'KAB. PASURUAN', 'BEJI', 'KEDUNG RINGIN', 0, '2023-07-27 21:12:04', 2, NULL, NULL, 0),
(3428, 6, 'SOLICHAH', '634113979', '3514137005610026', 2019, 'PKH', 'KAB. PASURUAN', 'BEJI', 'KEDUNG RINGIN', 0, '2023-07-27 21:12:04', 2, NULL, NULL, 0),
(3429, 6, 'SUCIATI', '634113991', '3514135005680003', 2019, 'PKH', 'KAB. PASURUAN', 'BEJI', 'KEDUNG RINGIN', 0, '2023-07-27 21:12:04', 2, NULL, NULL, 0),
(3430, 6, 'SUGIATI', '634113298', '1215185206710003', 2019, 'PKH', 'KAB. PASURUAN', 'BEJI', 'KEDUNG RINGIN', 0, '2023-07-27 21:12:04', 2, NULL, NULL, 0),
(3431, 6, 'TAMIASIH', '634114940', '1215186800770001', 2019, 'PKH', 'KAB. PASURUAN', 'BEJI', 'KEDUNG RINGIN', 0, '2023-07-27 21:12:04', 2, NULL, NULL, 0),
(3432, 6, 'TUTIK HARIANI', '634113899', '3514134207700002', 2019, 'PKH', 'KAB. PASURUAN', 'BEJI', 'KEDUNG RINGIN', 0, '2023-07-27 21:12:04', 2, NULL, NULL, 0),
(3433, 6, 'URIPAH', '634114349', '3514134802630003', 2019, 'PKH', 'KAB. PASURUAN', 'BEJI', 'KEDUNG RINGIN', 0, '2023-07-27 21:12:04', 2, NULL, NULL, 0),
(3434, 6, 'KHOLIK', '634104501', '3514131107700004', 2019, 'PKH', 'KAB. PASURUAN', 'BEJI', 'KENEP', 0, '2023-07-27 21:12:04', 2, NULL, NULL, 0),
(3435, 6, 'DIA ANGGRAENI', '634103868', '3514134901880043', 2019, 'PKH', 'KAB. PASURUAN', 'BEJI', 'NGEMBE', 0, '2023-07-27 21:12:04', 2, NULL, NULL, 0),
(3436, 6, 'M SAIKHU', '637889358', '3514130101010679', 2019, 'PKH', 'KAB. PASURUAN', 'BEJI', 'NGEMBE', 0, '2023-07-27 21:12:04', 2, NULL, NULL, 0),
(3437, 6, 'NURUL ISMAWATI', '634103755', '3514134706920003', 2019, 'PKH', 'KAB. PASURUAN', 'BEJI', 'NGEMBE', 0, '2023-07-27 21:12:04', 2, NULL, NULL, 0),
(3438, 6, 'SOLEHUDIN', '637889450', '3514130101053257', 2019, 'PKH', 'KAB. PASURUAN', 'BEJI', 'NGEMBE', 0, '2023-07-27 21:12:04', 2, NULL, NULL, 0),
(3439, 6, 'SULIKHAH', '634103766', '3514134610750003', 2019, 'PKH', 'KAB. PASURUAN', 'BEJI', 'NGEMBE', 0, '2023-07-27 21:12:04', 2, NULL, NULL, 0);

-- --------------------------------------------------------

--
-- Table structure for table `tb_berita_acara`
--

CREATE TABLE `tb_berita_acara` (
  `id` int(11) NOT NULL,
  `jenis_bansos` enum('PKH','BPNT') DEFAULT NULL,
  `tahun` year(4) DEFAULT NULL,
  `id_provinsi` int(11) DEFAULT NULL,
  `id_kabupaten` int(11) DEFAULT NULL,
  `id_kecamatan` int(11) DEFAULT NULL,
  `id_kelurahan` bigint(20) DEFAULT NULL,
  `created_at` datetime DEFAULT current_timestamp(),
  `created_by` int(11) DEFAULT NULL,
  `updated_at` datetime DEFAULT NULL,
  `updated_by` int(11) DEFAULT NULL,
  `is_deleted` tinyint(1) NOT NULL DEFAULT 0
) ENGINE=InnoDB DEFAULT CHARSET=utf8mb4;

--
-- Dumping data for table `tb_berita_acara`
--

INSERT INTO `tb_berita_acara` (`id`, `jenis_bansos`, `tahun`, `id_provinsi`, `id_kabupaten`, `id_kecamatan`, `id_kelurahan`, `created_at`, `created_by`, `updated_at`, `updated_by`, `is_deleted`) VALUES
(1, NULL, NULL, NULL, NULL, NULL, NULL, '2023-06-11 02:08:54', 1, '2023-06-10 23:13:19', 1, 1),
(2, 'BPNT', 2023, 52, 5203, 520304, 5203042003, '2023-06-11 03:26:45', 1, '2023-06-11 04:35:10', 1, 0),
(3, 'PKH', 2015, 36, 3603, 360303, 3603032002, '2023-06-11 03:26:45', 1, '2023-06-11 14:55:49', 1, 0),
(4, 'PKH', 2018, 16, 1606, 160606, 1606062004, '2023-06-11 04:41:59', 1, NULL, NULL, 0),
(5, 'PKH', 2023, 32, 3205, 320510, 3205102006, '2023-06-11 14:55:24', 1, NULL, NULL, 0),
(6, 'BPNT', 2023, 21, 2105, 210503, 2105032003, '2023-06-11 15:06:24', 1, NULL, NULL, 0);

-- --------------------------------------------------------

--
-- Table structure for table `tb_master_bansos`
--

CREATE TABLE `tb_master_bansos` (
  `id` int(11) NOT NULL,
  `nama` varchar(255) DEFAULT NULL,
  `created_at` datetime NOT NULL DEFAULT current_timestamp(),
  `created_by` int(11) DEFAULT NULL,
  `updated_at` datetime DEFAULT NULL,
  `updated_by` int(11) DEFAULT NULL,
  `deleted_by` int(11) DEFAULT NULL,
  `is_deleted` tinyint(1) DEFAULT 0
) ENGINE=InnoDB DEFAULT CHARSET=utf8mb4;

--
-- Dumping data for table `tb_master_bansos`
--

INSERT INTO `tb_master_bansos` (`id`, `nama`, `created_at`, `created_by`, `updated_at`, `updated_by`, `deleted_by`, `is_deleted`) VALUES
(1, 'TEST BANSOS MASTER II', '2023-06-30 12:27:50', 1, '2023-07-17 17:01:40', 1, NULL, 0),
(2, 'TEST BANSOS MASTER', '2023-06-30 13:00:11', 1, '2023-06-30 20:30:54', 1, NULL, 0),
(6, 'TESTING LAST', '2023-07-27 21:01:36', 2, NULL, NULL, NULL, 0);

-- --------------------------------------------------------

--
-- Table structure for table `tb_master_penyaluran`
--

CREATE TABLE `tb_master_penyaluran` (
  `id` int(11) NOT NULL,
  `id_user` int(11) DEFAULT NULL COMMENT 'ID User CO Magang',
  `nama` varchar(255) DEFAULT NULL,
  `status` tinyint(4) DEFAULT 0 COMMENT '1 = in progres, 2 = selesai',
  `created_at` datetime NOT NULL DEFAULT current_timestamp(),
  `created_by` int(11) DEFAULT NULL,
  `updated_at` datetime DEFAULT NULL,
  `updated_by` int(11) DEFAULT NULL,
  `deleted_by` int(11) DEFAULT NULL,
  `is_deleted` tinyint(1) DEFAULT 0
) ENGINE=InnoDB DEFAULT CHARSET=utf8mb4;

--
-- Dumping data for table `tb_master_penyaluran`
--

INSERT INTO `tb_master_penyaluran` (`id`, `id_user`, `nama`, `status`, `created_at`, `created_by`, `updated_at`, `updated_by`, `deleted_by`, `is_deleted`) VALUES
(4, 5, 'test1', 2, '2023-07-16 14:58:08', 1, '2023-07-19 23:55:17', 1, 1, 0),
(5, 6, 'test2', 0, '2023-07-16 15:05:11', 1, '2023-07-25 22:17:36', 1, NULL, 0),
(6, 5, 'test3', 0, '2023-07-16 15:47:16', 1, '2023-07-20 01:58:38', 1, NULL, 0),
(7, 5, 'Test', 2, '2023-07-16 15:52:02', 1, '2023-07-26 02:14:18', 5, NULL, 0),
(8, 6, 'test 4', 0, '2023-07-18 21:09:28', 1, '2023-07-20 01:40:29', 1, NULL, 0),
(9, 6, 'Bdlasdada', 2, '2023-07-26 02:15:05', 4, '2023-07-26 02:40:55', 6, NULL, 0),
(10, 6, 'TEsting123', 2, '2023-07-26 21:24:29', 1, '2023-07-26 21:26:12', 6, NULL, 0),
(11, 6, 'NEW TASK', 0, '2023-07-27 21:13:14', 4, NULL, NULL, NULL, 0);

-- --------------------------------------------------------

--
-- Table structure for table `tb_notif`
--

CREATE TABLE `tb_notif` (
  `id` int(11) NOT NULL,
  `id_user` int(11) DEFAULT NULL,
  `id_reff` int(11) DEFAULT NULL,
  `jenis` varchar(225) DEFAULT NULL,
  `judul` varchar(225) DEFAULT NULL,
  `pesan` text DEFAULT NULL,
  `is_read` tinyint(1) DEFAULT 0,
  `created_by` int(11) DEFAULT NULL,
  `created_at` datetime DEFAULT current_timestamp(),
  `updated_by` int(11) DEFAULT NULL,
  `updated_at` datetime DEFAULT NULL,
  `is_deleted` tinyint(1) DEFAULT 0
) ENGINE=InnoDB DEFAULT CHARSET=utf8mb4;

--
-- Dumping data for table `tb_notif`
--

INSERT INTO `tb_notif` (`id`, `id_user`, `id_reff`, `jenis`, `judul`, `pesan`, `is_read`, `created_by`, `created_at`, `updated_by`, `updated_at`, `is_deleted`) VALUES
(4, 1, 8, 'penyaluran co magang', 'Ada tugas penyaluran baru!', 'Anda mendapatkan tugas penyaluran baru dari Super Admin', 1, 1, '2023-07-20 01:40:29', 1, '2023-07-23 17:51:28', 0),
(5, 1, 6, 'penyaluran co magang', 'Ada tugas penyaluran baru!', 'Anda mendapatkan tugas penyaluran baru dari Super Admin', 1, 1, '2023-07-20 01:58:38', 1, '2023-07-23 17:51:23', 0),
(6, 6, 5, 'penyaluran co magang', 'Ada tugas penyaluran baru!', 'Anda mendapatkan tugas penyaluran baru dari Super Admin', 1, 1, '2023-07-25 22:17:36', 6, '2023-07-26 21:27:49', 0),
(7, 5, 7, 'penyaluran co magang', 'Ada tugas penyaluran baru!', 'Anda mendapatkan tugas penyaluran baru dari Super Admin', 1, 1, '2023-07-25 23:08:23', 5, '2023-07-25 23:40:20', 0),
(8, 5, 7, 'penyaluran co magang', 'Ada tugas penyaluran baru!', 'Anda mendapatkan tugas penyaluran baru dari CO Magang 1', 0, 5, '2023-07-26 01:57:41', NULL, NULL, 0),
(9, 5, 7, 'penyaluran co magang', 'Ada tugas penyaluran baru!', 'Anda mendapatkan tugas penyaluran baru dari CO Magang 1', 0, 5, '2023-07-26 02:03:07', NULL, NULL, 0),
(10, 1, 7, 'penyaluran co magang', 'Tugas penyaluran selesai!', 'Tugas penyaluran yang anda buat telah selesai', 1, 5, '2023-07-26 02:09:37', 1, '2023-07-26 02:12:37', 0),
(11, 1, 7, 'penyaluran co magang', 'Tugas penyaluran selesai!', 'Tugas penyaluran yang anda buat telah selesai', 1, 5, '2023-07-26 02:14:18', 1, '2023-07-26 02:14:28', 0),
(12, 6, 9, 'penyaluran co magang', 'Ada tugas penyaluran baru!', 'Anda mendapatkan tugas penyaluran baru dari PIC 1', 1, 4, '2023-07-26 02:24:50', 6, '2023-07-26 21:27:46', 0),
(13, 4, 9, 'penyaluran co magang', 'Tugas penyaluran selesai!', 'Tugas penyaluran yang anda buat telah selesai', 1, 6, '2023-07-26 02:37:51', 4, '2023-07-26 02:38:10', 0),
(14, 4, 9, 'penyaluran co magang', 'Tugas penyaluran selesai!', 'Tugas penyaluran yang anda buat telah selesai', 1, 6, '2023-07-26 02:40:55', 4, '2023-07-26 02:44:24', 0),
(15, 6, 10, 'penyaluran co magang', 'Ada tugas penyaluran baru!', 'Anda mendapatkan tugas penyaluran baru dari PIC 1', 1, 4, '2023-07-26 21:25:05', 6, '2023-07-26 21:27:41', 0),
(16, 1, 10, 'penyaluran co magang', 'Tugas penyaluran selesai!', 'Tugas penyaluran yang anda buat telah selesai', 1, 6, '2023-07-26 21:26:12', 1, '2023-07-27 03:10:16', 0);

-- --------------------------------------------------------

--
-- Table structure for table `tb_penyaluran`
--

CREATE TABLE `tb_penyaluran` (
  `id` int(11) NOT NULL,
  `id_master_penyaluran` int(11) DEFAULT NULL,
  `id_bansos` int(11) DEFAULT NULL,
  `status` tinyint(4) DEFAULT 0 COMMENT '0 = Belum Tersalur, 1 = Tersalur, 2 = Tidak Tersalur',
  `note` text DEFAULT NULL,
  `created_at` datetime DEFAULT current_timestamp(),
  `created_by` int(11) DEFAULT NULL,
  `updated_at` datetime DEFAULT current_timestamp(),
  `updated_by` int(11) DEFAULT NULL,
  `is_deleted` tinyint(4) DEFAULT 0
) ENGINE=InnoDB DEFAULT CHARSET=utf8mb4;

--
-- Dumping data for table `tb_penyaluran`
--

INSERT INTO `tb_penyaluran` (`id`, `id_master_penyaluran`, `id_bansos`, `status`, `note`, `created_at`, `created_by`, `updated_at`, `updated_by`, `is_deleted`) VALUES
(1, 7, 3276, 0, NULL, '2023-07-18 17:47:59', 1, '2023-07-19 22:24:55', 1, 1),
(2, 7, 3275, 2, NULL, '2023-07-18 17:47:59', 1, '2023-07-19 21:49:10', 1, 1),
(3, 6, 3276, 0, NULL, '2023-07-18 21:02:24', 1, '2023-07-19 21:48:06', 1, 1),
(4, 6, 3275, 0, NULL, '2023-07-18 21:02:24', 1, '2023-07-18 21:02:44', 1, 1),
(5, 7, 3275, 2, NULL, '2023-07-19 22:25:25', 1, '2023-07-19 22:47:08', 1, 1),
(6, 7, 3276, 1, NULL, '2023-07-19 22:29:40', 1, '2023-07-19 22:29:40', NULL, 0),
(7, 7, 3274, 1, NULL, '2023-07-19 22:30:47', 1, '2023-07-19 22:30:47', NULL, 0),
(8, 7, 3275, 2, NULL, '2023-07-19 22:39:56', 1, '2023-07-19 22:39:56', NULL, 0),
(9, 9, 3273, 1, NULL, '2023-07-26 02:15:15', 4, '2023-07-26 02:15:15', NULL, 0),
(10, 10, 3277, 1, NULL, '2023-07-26 21:24:39', 1, '2023-07-26 21:24:39', NULL, 0),
(11, 10, 3275, 1, NULL, '2023-07-26 21:24:39', 1, '2023-07-26 21:24:39', NULL, 0),
(12, 11, 3439, 0, NULL, '2023-07-27 21:13:27', 4, '2023-07-27 21:13:27', NULL, 0),
(13, 11, 3438, 0, NULL, '2023-07-27 21:13:27', 4, '2023-07-27 21:13:27', NULL, 0),
(14, 11, 3437, 0, NULL, '2023-07-27 21:13:27', 4, '2023-07-27 21:13:27', NULL, 0);

-- --------------------------------------------------------

--
-- Table structure for table `tb_user`
--

CREATE TABLE `tb_user` (
  `id` int(11) NOT NULL,
  `email` varchar(50) DEFAULT NULL,
  `password` varchar(225) DEFAULT NULL,
  `nama` varchar(50) DEFAULT NULL,
  `jk` enum('laki-laki','perempuan') DEFAULT NULL,
  `nohp` varchar(15) DEFAULT NULL,
  `alamat` varchar(255) DEFAULT NULL,
  `jabatan` varchar(225) DEFAULT NULL,
  `role` int(1) DEFAULT NULL,
  `status` tinyint(1) DEFAULT NULL,
  `is_deleted` tinyint(1) NOT NULL DEFAULT 0
) ENGINE=InnoDB DEFAULT CHARSET=utf8mb4;

--
-- Dumping data for table `tb_user`
--

INSERT INTO `tb_user` (`id`, `email`, `password`, `nama`, `jk`, `nohp`, `alamat`, `jabatan`, `role`, `status`, `is_deleted`) VALUES
(1, 'superadmin@gmail.com', '$2y$10$Y3b.moobG6BAARBeE3hL7eQB.Fc.I1qXA6dxKCl.3Wvxn1km0Zuqy', 'Super Admin', 'laki-laki', '085748816171', 'Jalan mantann', 'Mendoss', 1, 1, 0),
(2, 'penyelia@gmail.com', '$2y$10$Y3b.moobG6BAARBeE3hL7eQB.Fc.I1qXA6dxKCl.3Wvxn1km0Zuqy', 'Penyelia 1', 'laki-laki', '08512321323', 'Jalan Bali', 'Helboy', 2, 1, 0),
(4, 'pic@gmail.com', '$2y$10$Y3b.moobG6BAARBeE3hL7eQB.Fc.I1qXA6dxKCl.3Wvxn1km0Zuqy', 'PIC 1', 'laki-laki', '08312731232', 'Jalan marmah', 'Malabar', 3, 1, 0),
(5, 'comagang@gmail.com', '$2y$10$Y3b.moobG6BAARBeE3hL7eQB.Fc.I1qXA6dxKCl.3Wvxn1km0Zuqy', 'CO Magang 1', 'laki-laki', '412241', 'sad', '', 4, 1, 0),
(6, 'comagang2@gmail.com', '$2y$10$Y3b.moobG6BAARBeE3hL7eQB.Fc.I1qXA6dxKCl.3Wvxn1km0Zuqy', 'CO Magang 2', 'laki-laki', '41421412', 'dsa', 'test', 4, 0, 0);

--
-- Indexes for dumped tables
--

--
-- Indexes for table `tb_bansos`
--
ALTER TABLE `tb_bansos`
  ADD PRIMARY KEY (`id`);

--
-- Indexes for table `tb_berita_acara`
--
ALTER TABLE `tb_berita_acara`
  ADD PRIMARY KEY (`id`);

--
-- Indexes for table `tb_master_bansos`
--
ALTER TABLE `tb_master_bansos`
  ADD PRIMARY KEY (`id`);

--
-- Indexes for table `tb_master_penyaluran`
--
ALTER TABLE `tb_master_penyaluran`
  ADD PRIMARY KEY (`id`);

--
-- Indexes for table `tb_notif`
--
ALTER TABLE `tb_notif`
  ADD PRIMARY KEY (`id`);

--
-- Indexes for table `tb_penyaluran`
--
ALTER TABLE `tb_penyaluran`
  ADD PRIMARY KEY (`id`);

--
-- Indexes for table `tb_user`
--
ALTER TABLE `tb_user`
  ADD PRIMARY KEY (`id`);

--
-- AUTO_INCREMENT for dumped tables
--

--
-- AUTO_INCREMENT for table `tb_bansos`
--
ALTER TABLE `tb_bansos`
  MODIFY `id` int(11) NOT NULL AUTO_INCREMENT, AUTO_INCREMENT=3440;

--
-- AUTO_INCREMENT for table `tb_berita_acara`
--
ALTER TABLE `tb_berita_acara`
  MODIFY `id` int(11) NOT NULL AUTO_INCREMENT, AUTO_INCREMENT=7;

--
-- AUTO_INCREMENT for table `tb_master_bansos`
--
ALTER TABLE `tb_master_bansos`
  MODIFY `id` int(11) NOT NULL AUTO_INCREMENT, AUTO_INCREMENT=7;

--
-- AUTO_INCREMENT for table `tb_master_penyaluran`
--
ALTER TABLE `tb_master_penyaluran`
  MODIFY `id` int(11) NOT NULL AUTO_INCREMENT, AUTO_INCREMENT=12;

--
-- AUTO_INCREMENT for table `tb_notif`
--
ALTER TABLE `tb_notif`
  MODIFY `id` int(11) NOT NULL AUTO_INCREMENT, AUTO_INCREMENT=17;

--
-- AUTO_INCREMENT for table `tb_penyaluran`
--
ALTER TABLE `tb_penyaluran`
  MODIFY `id` int(11) NOT NULL AUTO_INCREMENT, AUTO_INCREMENT=15;

--
-- AUTO_INCREMENT for table `tb_user`
--
ALTER TABLE `tb_user`
  MODIFY `id` int(11) NOT NULL AUTO_INCREMENT, AUTO_INCREMENT=7;
COMMIT;

/*!40101 SET CHARACTER_SET_CLIENT=@OLD_CHARACTER_SET_CLIENT */;
/*!40101 SET CHARACTER_SET_RESULTS=@OLD_CHARACTER_SET_RESULTS */;
/*!40101 SET COLLATION_CONNECTION=@OLD_COLLATION_CONNECTION */;
